PROLIFIC_PID,test_order,response
Internet,352,232.0
Internet,686,191.0
Internet,1337,145.0
Internet,703,160.0
Internet,1565,360.0
Internet,1923,230.0
Internet,1721,331.0
Internet,1345,200.0
Internet,1938,193.0
Internet,2154,272.0
Internet,1514,102.0
Internet,2771,220.0
Internet,2323,430.0
Internet,1951,155.0
Internet,2734,140.0
Internet,757,125.0
Internet,2449,380.0
Internet,416,301.0
Internet,395,221.0
Internet,1954,131.0
67cf0197f22f7a9c183a327d,2448,160.0
67cf0197f22f7a9c183a327d,11,183.0
67cf0197f22f7a9c183a327d,88,133.0
67cf0197f22f7a9c183a327d,2846,120.0
67cf0197f22f7a9c183a327d,228,133.0
67cf0197f22f7a9c183a327d,896,156.0
67cf0197f22f7a9c183a327d,2594,145.0
67cf0197f22f7a9c183a327d,2298,116.0
67cf0197f22f7a9c183a327d,502,313.0
67cf0197f22f7a9c183a327d,1939,160.0
67cf0197f22f7a9c183a327d,912,184.0
67cf0197f22f7a9c183a327d,1923,140.0
67cf0197f22f7a9c183a327d,2071,140.0
67cf0197f22f7a9c183a327d,232,181.0
67cf0197f22f7a9c183a327d,617,138.0
67cf0197f22f7a9c183a327d,2044,186.0
67cf0197f22f7a9c183a327d,477,205.0
67cf0197f22f7a9c183a327d,1947,153.0
67cf0197f22f7a9c183a327d,1684,123.0
67cf0197f22f7a9c183a327d,587,135.0
66884713a634c5f082e912a3,1786,504.0
66884713a634c5f082e912a3,1952,546.0
66884713a634c5f082e912a3,1498,421.0
66884713a634c5f082e912a3,1847,429.0
66884713a634c5f082e912a3,1416,553.0
66884713a634c5f082e912a3,624,425.0
66884713a634c5f082e912a3,1632,514.0
66884713a634c5f082e912a3,2568,424.0
66884713a634c5f082e912a3,2591,525.0
66884713a634c5f082e912a3,231,424.0
66884713a634c5f082e912a3,2485,563.0
66884713a634c5f082e912a3,496,480.0
66884713a634c5f082e912a3,878,533.0
66884713a634c5f082e912a3,2036,428.0
66884713a634c5f082e912a3,2731,390.0
66884713a634c5f082e912a3,1166,514.0
66884713a634c5f082e912a3,680,379.0
66884713a634c5f082e912a3,2229,418.0
66884713a634c5f082e912a3,1398,474.0
66884713a634c5f082e912a3,2396,327.0
63d2eec88a81e2462be70762,234,160.0
63d2eec88a81e2462be70762,1564,231.0
63d2eec88a81e2462be70762,2037,140.0
63d2eec88a81e2462be70762,2212,151.0
63d2eec88a81e2462be70762,2564,160.0
63d2eec88a81e2462be70762,2520,156.0
63d2eec88a81e2462be70762,2009,159.0
63d2eec88a81e2462be70762,204,119.0
63d2eec88a81e2462be70762,2866,160.0
63d2eec88a81e2462be70762,2707,129.0
63d2eec88a81e2462be70762,1498,277.0
63d2eec88a81e2462be70762,826,187.0
63d2eec88a81e2462be70762,1952,100.0
63d2eec88a81e2462be70762,430,192.0
63d2eec88a81e2462be70762,944,100.0
63d2eec88a81e2462be70762,798,126.0
63d2eec88a81e2462be70762,1809,159.0
63d2eec88a81e2462be70762,878,146.0
63d2eec88a81e2462be70762,18,170.0
63d2eec88a81e2462be70762,2136,160.0
67dde6a93fd14707f0f58801,2565,186.0
67dde6a93fd14707f0f58801,1136,300.0
67dde6a93fd14707f0f58801,2855,212.0
67dde6a93fd14707f0f58801,1012,178.0
67dde6a93fd14707f0f58801,305,334.0
67dde6a93fd14707f0f58801,209,173.0
67dde6a93fd14707f0f58801,522,207.0
67dde6a93fd14707f0f58801,1721,307.0
67dde6a93fd14707f0f58801,1731,246.0
67dde6a93fd14707f0f58801,2710,423.0
67dde6a93fd14707f0f58801,2897,189.0
67dde6a93fd14707f0f58801,1947,199.0
67dde6a93fd14707f0f58801,792,218.0
67dde6a93fd14707f0f58801,99,236.0
67dde6a93fd14707f0f58801,1853,298.0
67dde6a93fd14707f0f58801,2892,344.0
67dde6a93fd14707f0f58801,1534,281.0
67dde6a93fd14707f0f58801,2097,327.0
67dde6a93fd14707f0f58801,1930,203.0
67dde6a93fd14707f0f58801,2689,154.0
675b473fc50c2d9d8f0afbff,2653,87.0
675b473fc50c2d9d8f0afbff,966,204.0
675b473fc50c2d9d8f0afbff,1160,339.0
675b473fc50c2d9d8f0afbff,2176,136.0
675b473fc50c2d9d8f0afbff,2384,407.0
675b473fc50c2d9d8f0afbff,204,95.0
675b473fc50c2d9d8f0afbff,1514,114.0
675b473fc50c2d9d8f0afbff,809,168.0
675b473fc50c2d9d8f0afbff,1235,145.0
675b473fc50c2d9d8f0afbff,2154,187.0
675b473fc50c2d9d8f0afbff,2906,206.0
675b473fc50c2d9d8f0afbff,2614,167.0
675b473fc50c2d9d8f0afbff,1508,159.0
675b473fc50c2d9d8f0afbff,261,224.0
675b473fc50c2d9d8f0afbff,590,225.0
675b473fc50c2d9d8f0afbff,2108,409.0
675b473fc50c2d9d8f0afbff,1518,137.0
675b473fc50c2d9d8f0afbff,1622,209.0
675b473fc50c2d9d8f0afbff,2413,354.0
675b473fc50c2d9d8f0afbff,305,146.0
5dc483cf74939e34e55c3619,809,94.0
5dc483cf74939e34e55c3619,522,180.0
5dc483cf74939e34e55c3619,1218,124.0
5dc483cf74939e34e55c3619,1226,122.0
5dc483cf74939e34e55c3619,772,110.0
5dc483cf74939e34e55c3619,2357,221.0
5dc483cf74939e34e55c3619,2614,124.0
5dc483cf74939e34e55c3619,778,180.0
5dc483cf74939e34e55c3619,814,80.0
5dc483cf74939e34e55c3619,1859,176.0
5dc483cf74939e34e55c3619,1160,224.0
5dc483cf74939e34e55c3619,2300,134.0
5dc483cf74939e34e55c3619,2780,259.0
5dc483cf74939e34e55c3619,225,122.0
5dc483cf74939e34e55c3619,900,295.0
5dc483cf74939e34e55c3619,694,178.0
5dc483cf74939e34e55c3619,304,134.0
5dc483cf74939e34e55c3619,488,191.0
5dc483cf74939e34e55c3619,1088,170.0
5dc483cf74939e34e55c3619,1926,115.0
67f1519c5d31be4b27c93b8f,1105,561.0
67f1519c5d31be4b27c93b8f,589,540.0
67f1519c5d31be4b27c93b8f,558,595.0
67f1519c5d31be4b27c93b8f,1564,573.0
67f1519c5d31be4b27c93b8f,276,609.0
67f1519c5d31be4b27c93b8f,1947,616.0
67f1519c5d31be4b27c93b8f,1857,595.0
67f1519c5d31be4b27c93b8f,910,608.0
67f1519c5d31be4b27c93b8f,2568,591.0
67f1519c5d31be4b27c93b8f,1356,587.0
67f1519c5d31be4b27c93b8f,300,619.0
67f1519c5d31be4b27c93b8f,731,612.0
67f1519c5d31be4b27c93b8f,1495,590.0
67f1519c5d31be4b27c93b8f,416,590.0
67f1519c5d31be4b27c93b8f,1518,592.0
67f1519c5d31be4b27c93b8f,2604,588.0
67f1519c5d31be4b27c93b8f,2615,618.0
67f1519c5d31be4b27c93b8f,1209,533.0
67f1519c5d31be4b27c93b8f,1606,614.0
67f1519c5d31be4b27c93b8f,2108,625.0
5ef4d8b87faaa00c0dea0c4e,2135,125.0
5ef4d8b87faaa00c0dea0c4e,1190,185.0
5ef4d8b87faaa00c0dea0c4e,2615,120.0
5ef4d8b87faaa00c0dea0c4e,2699,125.0
5ef4d8b87faaa00c0dea0c4e,1777,250.0
5ef4d8b87faaa00c0dea0c4e,2205,145.0
5ef4d8b87faaa00c0dea0c4e,2402,210.0
5ef4d8b87faaa00c0dea0c4e,1978,130.0
5ef4d8b87faaa00c0dea0c4e,2485,120.0
5ef4d8b87faaa00c0dea0c4e,2892,300.0
5ef4d8b87faaa00c0dea0c4e,1403,160.0
5ef4d8b87faaa00c0dea0c4e,1766,320.0
5ef4d8b87faaa00c0dea0c4e,1748,185.0
5ef4d8b87faaa00c0dea0c4e,1560,170.0
5ef4d8b87faaa00c0dea0c4e,1420,250.0
5ef4d8b87faaa00c0dea0c4e,2702,150.0
5ef4d8b87faaa00c0dea0c4e,775,145.0
5ef4d8b87faaa00c0dea0c4e,2928,170.0
5ef4d8b87faaa00c0dea0c4e,1580,190.0
5ef4d8b87faaa00c0dea0c4e,2242,105.0
5a4ff86beedc32000141f232,1832,146.0
5a4ff86beedc32000141f232,1298,108.0
5a4ff86beedc32000141f232,1766,207.0
5a4ff86beedc32000141f232,1211,135.0
5a4ff86beedc32000141f232,2513,221.0
5a4ff86beedc32000141f232,1331,187.0
5a4ff86beedc32000141f232,1886,119.0
5a4ff86beedc32000141f232,2235,191.0
5a4ff86beedc32000141f232,439,269.0
5a4ff86beedc32000141f232,1222,109.0
5a4ff86beedc32000141f232,1039,227.0
5a4ff86beedc32000141f232,221,109.0
5a4ff86beedc32000141f232,2591,144.0
5a4ff86beedc32000141f232,1954,117.0
5a4ff86beedc32000141f232,2330,274.0
5a4ff86beedc32000141f232,2334,310.0
5a4ff86beedc32000141f232,933,148.0
5a4ff86beedc32000141f232,488,201.0
5a4ff86beedc32000141f232,1585,131.0
5a4ff86beedc32000141f232,2838,116.0
67d5d4fbc30550918f98abef,1150,339.0
67d5d4fbc30550918f98abef,606,345.0
67d5d4fbc30550918f98abef,103,436.0
67d5d4fbc30550918f98abef,2090,437.0
67d5d4fbc30550918f98abef,813,377.0
67d5d4fbc30550918f98abef,500,414.0
67d5d4fbc30550918f98abef,1345,376.0
67d5d4fbc30550918f98abef,559,415.0
67d5d4fbc30550918f98abef,1037,406.0
67d5d4fbc30550918f98abef,2906,443.0
67d5d4fbc30550918f98abef,1381,318.0
67d5d4fbc30550918f98abef,2919,391.0
67d5d4fbc30550918f98abef,2097,363.0
67d5d4fbc30550918f98abef,910,360.0
67d5d4fbc30550918f98abef,394,370.0
67d5d4fbc30550918f98abef,1197,356.0
67d5d4fbc30550918f98abef,395,409.0
67d5d4fbc30550918f98abef,1071,353.0
67d5d4fbc30550918f98abef,1709,381.0
67d5d4fbc30550918f98abef,2069,429.0
67e37785a93756341877335c,1398,180.0
67e37785a93756341877335c,2667,190.0
67e37785a93756341877335c,1936,210.0
67e37785a93756341877335c,680,150.0
67e37785a93756341877335c,222,270.0
67e37785a93756341877335c,881,150.0
67e37785a93756341877335c,1160,377.0
67e37785a93756341877335c,1916,100.0
67e37785a93756341877335c,2036,350.0
67e37785a93756341877335c,1044,198.0
67e37785a93756341877335c,1767,294.0
67e37785a93756341877335c,1540,390.0
67e37785a93756341877335c,481,399.0
67e37785a93756341877335c,2847,349.0
67e37785a93756341877335c,1894,497.0
67e37785a93756341877335c,1771,389.0
67e37785a93756341877335c,7,300.0
67e37785a93756341877335c,980,299.0
67e37785a93756341877335c,2478,258.0
67e37785a93756341877335c,488,245.0
5fdfb7d6e1442280fc095a66,415,215.0
5fdfb7d6e1442280fc095a66,302,315.0
5fdfb7d6e1442280fc095a66,1195,122.0
5fdfb7d6e1442280fc095a66,2136,152.0
5fdfb7d6e1442280fc095a66,1942,116.0
5fdfb7d6e1442280fc095a66,645,109.0
5fdfb7d6e1442280fc095a66,2032,325.0
5fdfb7d6e1442280fc095a66,1385,134.0
5fdfb7d6e1442280fc095a66,1967,155.0
5fdfb7d6e1442280fc095a66,251,178.0
5fdfb7d6e1442280fc095a66,229,181.0
5fdfb7d6e1442280fc095a66,2111,205.0
5fdfb7d6e1442280fc095a66,1416,137.0
5fdfb7d6e1442280fc095a66,2431,226.0
5fdfb7d6e1442280fc095a66,2623,84.0
5fdfb7d6e1442280fc095a66,1632,140.0
5fdfb7d6e1442280fc095a66,2719,173.0
5fdfb7d6e1442280fc095a66,416,156.0
5fdfb7d6e1442280fc095a66,158,127.0
5fdfb7d6e1442280fc095a66,1926,96.0
66da38dc1d5b9365584508ca,2006,106.0
66da38dc1d5b9365584508ca,1157,195.0
66da38dc1d5b9365584508ca,2378,180.0
66da38dc1d5b9365584508ca,784,144.0
66da38dc1d5b9365584508ca,152,145.0
66da38dc1d5b9365584508ca,2930,226.0
66da38dc1d5b9365584508ca,2009,163.0
66da38dc1d5b9365584508ca,1292,346.0
66da38dc1d5b9365584508ca,841,188.0
66da38dc1d5b9365584508ca,2888,230.0
66da38dc1d5b9365584508ca,1364,453.0
66da38dc1d5b9365584508ca,2854,173.0
66da38dc1d5b9365584508ca,2166,223.0
66da38dc1d5b9365584508ca,789,179.0
66da38dc1d5b9365584508ca,2298,121.0
66da38dc1d5b9365584508ca,2906,193.0
66da38dc1d5b9365584508ca,1901,127.0
66da38dc1d5b9365584508ca,103,701.0
66da38dc1d5b9365584508ca,2372,410.0
66da38dc1d5b9365584508ca,2879,160.0
647287f051cab7142b9ca9bf,2298,60.0
647287f051cab7142b9ca9bf,2357,350.0
647287f051cab7142b9ca9bf,1012,431.0
647287f051cab7142b9ca9bf,1585,150.0
647287f051cab7142b9ca9bf,200,190.0
647287f051cab7142b9ca9bf,935,120.0
647287f051cab7142b9ca9bf,2388,492.0
647287f051cab7142b9ca9bf,288,88.0
647287f051cab7142b9ca9bf,1490,104.0
647287f051cab7142b9ca9bf,1819,94.0
647287f051cab7142b9ca9bf,2461,156.0
647287f051cab7142b9ca9bf,2852,181.0
647287f051cab7142b9ca9bf,1857,239.0
647287f051cab7142b9ca9bf,2892,249.0
647287f051cab7142b9ca9bf,2344,341.0
647287f051cab7142b9ca9bf,398,126.0
647287f051cab7142b9ca9bf,1760,192.0
647287f051cab7142b9ca9bf,2705,162.0
647287f051cab7142b9ca9bf,1920,167.0
647287f051cab7142b9ca9bf,2018,229.0
6728e421acaa407453b0babc,912,225.0
6728e421acaa407453b0babc,2444,175.0
6728e421acaa407453b0babc,196,225.0
6728e421acaa407453b0babc,2291,170.0
6728e421acaa407453b0babc,2702,160.0
6728e421acaa407453b0babc,2605,168.0
6728e421acaa407453b0babc,1395,200.0
6728e421acaa407453b0babc,2334,119.0
6728e421acaa407453b0babc,162,213.0
6728e421acaa407453b0babc,798,271.0
6728e421acaa407453b0babc,2710,225.0
6728e421acaa407453b0babc,2569,193.0
6728e421acaa407453b0babc,2018,190.0
6728e421acaa407453b0babc,500,156.0
6728e421acaa407453b0babc,1352,217.0
6728e421acaa407453b0babc,1604,190.0
6728e421acaa407453b0babc,2316,221.0
6728e421acaa407453b0babc,522,119.0
6728e421acaa407453b0babc,2105,129.0
6728e421acaa407453b0babc,281,270.0
61705235c277934df17055e6,76,125.0
61705235c277934df17055e6,1216,222.0
61705235c277934df17055e6,73,330.0
61705235c277934df17055e6,416,238.0
61705235c277934df17055e6,1922,190.0
61705235c277934df17055e6,276,120.0
61705235c277934df17055e6,57,304.0
61705235c277934df17055e6,2407,264.0
61705235c277934df17055e6,2450,351.0
61705235c277934df17055e6,675,171.0
61705235c277934df17055e6,95,322.0
61705235c277934df17055e6,2249,121.0
61705235c277934df17055e6,500,360.0
61705235c277934df17055e6,347,357.0
61705235c277934df17055e6,1594,185.0
61705235c277934df17055e6,1684,233.0
61705235c277934df17055e6,2847,201.0
61705235c277934df17055e6,2596,121.0
61705235c277934df17055e6,2788,139.0
61705235c277934df17055e6,2445,374.0
60c8467d9872c0d83f695499,2703,188.0
60c8467d9872c0d83f695499,896,133.0
60c8467d9872c0d83f695499,1334,194.0
60c8467d9872c0d83f695499,2852,220.0
60c8467d9872c0d83f695499,1830,185.0
60c8467d9872c0d83f695499,2235,229.0
60c8467d9872c0d83f695499,2515,263.0
60c8467d9872c0d83f695499,1150,145.0
60c8467d9872c0d83f695499,1883,166.0
60c8467d9872c0d83f695499,7,322.0
60c8467d9872c0d83f695499,251,378.0
60c8467d9872c0d83f695499,2097,429.0
60c8467d9872c0d83f695499,2552,185.0
60c8467d9872c0d83f695499,1409,234.0
60c8467d9872c0d83f695499,2478,252.0
60c8467d9872c0d83f695499,2440,294.0
60c8467d9872c0d83f695499,415,146.0
60c8467d9872c0d83f695499,225,174.0
60c8467d9872c0d83f695499,1457,305.0
60c8467d9872c0d83f695499,2350,280.0
67eb0949aa152a8338e9bed2,1195,217.0
67eb0949aa152a8338e9bed2,1039,180.0
67eb0949aa152a8338e9bed2,2340,422.0
67eb0949aa152a8338e9bed2,55,454.0
67eb0949aa152a8338e9bed2,2681,313.0
67eb0949aa152a8338e9bed2,1454,289.0
67eb0949aa152a8338e9bed2,2287,133.0
67eb0949aa152a8338e9bed2,276,260.0
67eb0949aa152a8338e9bed2,1536,168.0
67eb0949aa152a8338e9bed2,2569,333.0
67eb0949aa152a8338e9bed2,83,207.0
67eb0949aa152a8338e9bed2,1947,197.0
67eb0949aa152a8338e9bed2,511,502.0
67eb0949aa152a8338e9bed2,228,384.0
67eb0949aa152a8338e9bed2,1345,295.0
67eb0949aa152a8338e9bed2,2890,399.0
67eb0949aa152a8338e9bed2,1398,368.0
67eb0949aa152a8338e9bed2,1579,318.0
67eb0949aa152a8338e9bed2,1105,507.0
67eb0949aa152a8338e9bed2,1958,481.0
612146069bb6dfc53b730795,1697,310.0
612146069bb6dfc53b730795,2596,212.0
612146069bb6dfc53b730795,1996,283.0
612146069bb6dfc53b730795,1659,234.0
612146069bb6dfc53b730795,2702,232.0
612146069bb6dfc53b730795,2703,197.0
612146069bb6dfc53b730795,1222,236.0
612146069bb6dfc53b730795,2396,357.0
612146069bb6dfc53b730795,2628,283.0
612146069bb6dfc53b730795,1542,276.0
612146069bb6dfc53b730795,2580,275.0
612146069bb6dfc53b730795,840,321.0
612146069bb6dfc53b730795,368,385.0
612146069bb6dfc53b730795,1398,203.0
612146069bb6dfc53b730795,631,209.0
612146069bb6dfc53b730795,2017,192.0
612146069bb6dfc53b730795,2790,362.0
612146069bb6dfc53b730795,639,253.0
612146069bb6dfc53b730795,1827,179.0
612146069bb6dfc53b730795,2919,147.0
67eed876641475649ed80e2c,2790,110.0
67eed876641475649ed80e2c,5,220.0
67eed876641475649ed80e2c,1653,180.0
67eed876641475649ed80e2c,225,300.0
67eed876641475649ed80e2c,2485,170.0
67eed876641475649ed80e2c,2702,140.0
67eed876641475649ed80e2c,1186,130.0
67eed876641475649ed80e2c,482,180.0
67eed876641475649ed80e2c,1585,200.0
67eed876641475649ed80e2c,1504,170.0
67eed876641475649ed80e2c,2369,201.0
67eed876641475649ed80e2c,2768,160.0
67eed876641475649ed80e2c,2780,200.0
67eed876641475649ed80e2c,166,160.0
67eed876641475649ed80e2c,1288,180.0
67eed876641475649ed80e2c,1777,180.0
67eed876641475649ed80e2c,2276,180.0
67eed876641475649ed80e2c,2205,200.0
67eed876641475649ed80e2c,1827,200.0
67eed876641475649ed80e2c,2699,200.0
665cef46beb2274c6c61662d,1501,135.0
665cef46beb2274c6c61662d,482,195.0
665cef46beb2274c6c61662d,1363,155.0
665cef46beb2274c6c61662d,1614,230.0
665cef46beb2274c6c61662d,701,160.0
665cef46beb2274c6c61662d,1239,145.0
665cef46beb2274c6c61662d,2605,215.0
665cef46beb2274c6c61662d,1160,180.0
665cef46beb2274c6c61662d,2838,160.0
665cef46beb2274c6c61662d,1608,185.0
665cef46beb2274c6c61662d,2037,175.0
665cef46beb2274c6c61662d,221,145.0
665cef46beb2274c6c61662d,1571,185.0
665cef46beb2274c6c61662d,1354,181.0
665cef46beb2274c6c61662d,2595,180.0
665cef46beb2274c6c61662d,2613,180.0
665cef46beb2274c6c61662d,2152,200.0
665cef46beb2274c6c61662d,1726,175.0
665cef46beb2274c6c61662d,1403,190.0
665cef46beb2274c6c61662d,197,185.0
67f0678b6ad0faa2c6c7d559,2588,110.0
67f0678b6ad0faa2c6c7d559,2872,210.0
67f0678b6ad0faa2c6c7d559,2498,185.0
67f0678b6ad0faa2c6c7d559,589,205.0
67f0678b6ad0faa2c6c7d559,2242,165.0
67f0678b6ad0faa2c6c7d559,1777,385.0
67f0678b6ad0faa2c6c7d559,1224,315.0
67f0678b6ad0faa2c6c7d559,587,335.0
67f0678b6ad0faa2c6c7d559,1498,475.0
67f0678b6ad0faa2c6c7d559,2595,185.0
67f0678b6ad0faa2c6c7d559,2275,395.0
67f0678b6ad0faa2c6c7d559,158,270.0
67f0678b6ad0faa2c6c7d559,305,360.0
67f0678b6ad0faa2c6c7d559,41,370.0
67f0678b6ad0faa2c6c7d559,2461,695.0
67f0678b6ad0faa2c6c7d559,856,280.0
67f0678b6ad0faa2c6c7d559,398,175.0
67f0678b6ad0faa2c6c7d559,651,95.0
67f0678b6ad0faa2c6c7d559,397,204.0
67f0678b6ad0faa2c6c7d559,2202,135.0
5ec62902bb44c16b842128f9,2855,207.0
5ec62902bb44c16b842128f9,1886,259.0
5ec62902bb44c16b842128f9,935,129.0
5ec62902bb44c16b842128f9,1488,212.0
5ec62902bb44c16b842128f9,837,106.0
5ec62902bb44c16b842128f9,2120,139.0
5ec62902bb44c16b842128f9,477,203.0
5ec62902bb44c16b842128f9,2790,373.0
5ec62902bb44c16b842128f9,2639,364.0
5ec62902bb44c16b842128f9,1381,324.0
5ec62902bb44c16b842128f9,1907,275.0
5ec62902bb44c16b842128f9,1074,197.0
5ec62902bb44c16b842128f9,2823,187.0
5ec62902bb44c16b842128f9,938,298.0
5ec62902bb44c16b842128f9,204,216.0
5ec62902bb44c16b842128f9,1786,231.0
5ec62902bb44c16b842128f9,636,265.0
5ec62902bb44c16b842128f9,797,190.0
5ec62902bb44c16b842128f9,1510,118.0
5ec62902bb44c16b842128f9,1967,276.0
67b8f459f36ac348b98d6cad,1206,109.0
67b8f459f36ac348b98d6cad,1003,170.0
67b8f459f36ac348b98d6cad,7,230.0
67b8f459f36ac348b98d6cad,2100,382.0
67b8f459f36ac348b98d6cad,2723,105.0
67b8f459f36ac348b98d6cad,2122,199.0
67b8f459f36ac348b98d6cad,429,385.0
67b8f459f36ac348b98d6cad,293,239.0
67b8f459f36ac348b98d6cad,1991,205.0
67b8f459f36ac348b98d6cad,1886,213.0
67b8f459f36ac348b98d6cad,2790,320.0
67b8f459f36ac348b98d6cad,1849,190.0
67b8f459f36ac348b98d6cad,120,185.0
67b8f459f36ac348b98d6cad,2202,205.0
67b8f459f36ac348b98d6cad,2119,80.0
67b8f459f36ac348b98d6cad,138,300.0
67b8f459f36ac348b98d6cad,2037,270.0
67b8f459f36ac348b98d6cad,2226,190.0
67b8f459f36ac348b98d6cad,1656,140.0
67b8f459f36ac348b98d6cad,2852,195.0
67f03b4bd3d0af0d1419fb30,1731,228.0
67f03b4bd3d0af0d1419fb30,2323,383.0
67f03b4bd3d0af0d1419fb30,2275,160.0
67f03b4bd3d0af0d1419fb30,792,233.0
67f03b4bd3d0af0d1419fb30,878,100.0
67f03b4bd3d0af0d1419fb30,481,213.0
67f03b4bd3d0af0d1419fb30,775,89.0
67f03b4bd3d0af0d1419fb30,1366,160.0
67f03b4bd3d0af0d1419fb30,2854,169.0
67f03b4bd3d0af0d1419fb30,220,188.0
67f03b4bd3d0af0d1419fb30,762,160.0
67f03b4bd3d0af0d1419fb30,837,121.0
67f03b4bd3d0af0d1419fb30,1833,245.0
67f03b4bd3d0af0d1419fb30,286,215.0
67f03b4bd3d0af0d1419fb30,2119,197.0
67f03b4bd3d0af0d1419fb30,1743,160.0
67f03b4bd3d0af0d1419fb30,127,193.0
67f03b4bd3d0af0d1419fb30,2543,132.0
67f03b4bd3d0af0d1419fb30,1721,132.0
67f03b4bd3d0af0d1419fb30,1748,207.0
643d681fb11898ee6b771ccf,544,317.0
643d681fb11898ee6b771ccf,1876,159.0
643d681fb11898ee6b771ccf,559,194.0
643d681fb11898ee6b771ccf,189,126.0
643d681fb11898ee6b771ccf,2930,336.0
643d681fb11898ee6b771ccf,1632,134.0
643d681fb11898ee6b771ccf,1072,321.0
643d681fb11898ee6b771ccf,1585,270.0
643d681fb11898ee6b771ccf,548,158.0
643d681fb11898ee6b771ccf,2154,220.0
643d681fb11898ee6b771ccf,2369,123.0
643d681fb11898ee6b771ccf,2277,452.0
643d681fb11898ee6b771ccf,1403,160.0
643d681fb11898ee6b771ccf,1762,328.0
643d681fb11898ee6b771ccf,1536,133.0
643d681fb11898ee6b771ccf,1900,118.0
643d681fb11898ee6b771ccf,2518,205.0
643d681fb11898ee6b771ccf,725,160.0
643d681fb11898ee6b771ccf,2071,128.0
643d681fb11898ee6b771ccf,694,134.0
6657de6005b37ec6f43084a6,564,182.0
6657de6005b37ec6f43084a6,855,143.0
6657de6005b37ec6f43084a6,1118,294.0
6657de6005b37ec6f43084a6,288,107.0
6657de6005b37ec6f43084a6,1309,143.0
6657de6005b37ec6f43084a6,980,160.0
6657de6005b37ec6f43084a6,1127,225.0
6657de6005b37ec6f43084a6,2159,273.0
6657de6005b37ec6f43084a6,2154,142.0
6657de6005b37ec6f43084a6,336,123.0
6657de6005b37ec6f43084a6,2288,190.0
6657de6005b37ec6f43084a6,7,309.0
6657de6005b37ec6f43084a6,536,332.0
6657de6005b37ec6f43084a6,1926,108.0
6657de6005b37ec6f43084a6,2533,221.0
6657de6005b37ec6f43084a6,645,129.0
6657de6005b37ec6f43084a6,2152,256.0
6657de6005b37ec6f43084a6,1894,342.0
6657de6005b37ec6f43084a6,2706,183.0
6657de6005b37ec6f43084a6,2396,447.0
5c3f6515f26c920001bba5d7,1209,223.0
5c3f6515f26c920001bba5d7,2426,176.0
5c3f6515f26c920001bba5d7,2498,150.0
5c3f6515f26c920001bba5d7,1903,134.0
5c3f6515f26c920001bba5d7,2381,215.0
5c3f6515f26c920001bba5d7,2044,203.0
5c3f6515f26c920001bba5d7,676,150.0
5c3f6515f26c920001bba5d7,2229,220.0
5c3f6515f26c920001bba5d7,2205,127.0
5c3f6515f26c920001bba5d7,1044,173.0
5c3f6515f26c920001bba5d7,1886,149.0
5c3f6515f26c920001bba5d7,192,120.0
5c3f6515f26c920001bba5d7,2369,185.0
5c3f6515f26c920001bba5d7,2890,204.0
5c3f6515f26c920001bba5d7,138,180.0
5c3f6515f26c920001bba5d7,365,200.0
5c3f6515f26c920001bba5d7,443,220.0
5c3f6515f26c920001bba5d7,2580,115.0
5c3f6515f26c920001bba5d7,1906,183.0
5c3f6515f26c920001bba5d7,2159,230.0
5e5dba9e3d60470d71dde9ef,383,152.0
5e5dba9e3d60470d71dde9ef,73,194.0
5e5dba9e3d60470d71dde9ef,980,208.0
5e5dba9e3d60470d71dde9ef,1830,122.0
5e5dba9e3d60470d71dde9ef,1295,119.0
5e5dba9e3d60470d71dde9ef,1720,214.0
5e5dba9e3d60470d71dde9ef,1309,253.0
5e5dba9e3d60470d71dde9ef,2180,185.0
5e5dba9e3d60470d71dde9ef,2704,107.0
5e5dba9e3d60470d71dde9ef,679,146.0
5e5dba9e3d60470d71dde9ef,1543,182.0
5e5dba9e3d60470d71dde9ef,2485,205.0
5e5dba9e3d60470d71dde9ef,2010,150.0
5e5dba9e3d60470d71dde9ef,2614,181.0
5e5dba9e3d60470d71dde9ef,2693,268.0
5e5dba9e3d60470d71dde9ef,1684,201.0
5e5dba9e3d60470d71dde9ef,138,170.0
5e5dba9e3d60470d71dde9ef,416,208.0
5e5dba9e3d60470d71dde9ef,725,224.0
5e5dba9e3d60470d71dde9ef,51,192.0
67f0ffbbecd8d95219426a10,2484,301.0
67f0ffbbecd8d95219426a10,1786,211.0
67f0ffbbecd8d95219426a10,2161,148.0
67f0ffbbecd8d95219426a10,2780,198.0
67f0ffbbecd8d95219426a10,1148,144.0
67f0ffbbecd8d95219426a10,2869,200.0
67f0ffbbecd8d95219426a10,2194,107.0
67f0ffbbecd8d95219426a10,2685,293.0
67f0ffbbecd8d95219426a10,1760,133.0
67f0ffbbecd8d95219426a10,55,237.0
67f0ffbbecd8d95219426a10,2305,111.0
67f0ffbbecd8d95219426a10,934,169.0
67f0ffbbecd8d95219426a10,2614,105.0
67f0ffbbecd8d95219426a10,1830,138.0
67f0ffbbecd8d95219426a10,2011,125.0
67f0ffbbecd8d95219426a10,2288,211.0
67f0ffbbecd8d95219426a10,1358,336.0
67f0ffbbecd8d95219426a10,1003,161.0
67f0ffbbecd8d95219426a10,601,113.0
607371afec9eae723cd4b3a1,1157,192.0
607371afec9eae723cd4b3a1,1906,130.0
607371afec9eae723cd4b3a1,922,144.0
607371afec9eae723cd4b3a1,2906,186.0
607371afec9eae723cd4b3a1,559,203.0
607371afec9eae723cd4b3a1,2641,184.0
607371afec9eae723cd4b3a1,332,201.0
607371afec9eae723cd4b3a1,2154,253.0
607371afec9eae723cd4b3a1,550,201.0
607371afec9eae723cd4b3a1,1209,190.0
607371afec9eae723cd4b3a1,2431,267.0
607371afec9eae723cd4b3a1,878,175.0
607371afec9eae723cd4b3a1,2456,225.0
607371afec9eae723cd4b3a1,570,200.0
607371afec9eae723cd4b3a1,2378,187.0
607371afec9eae723cd4b3a1,1186,235.0
607371afec9eae723cd4b3a1,1005,302.0
607371afec9eae723cd4b3a1,1838,243.0
607371afec9eae723cd4b3a1,288,122.0
607371afec9eae723cd4b3a1,433,289.0
67ef47a4d9a5609e7b76879e,2136,299.0
67ef47a4d9a5609e7b76879e,2039,106.0
67ef47a4d9a5609e7b76879e,33,271.0
67ef47a4d9a5609e7b76879e,631,213.0
67ef47a4d9a5609e7b76879e,2242,42.0
67ef47a4d9a5609e7b76879e,2413,419.0
67ef47a4d9a5609e7b76879e,1920,188.0
67ef47a4d9a5609e7b76879e,2728,213.0
67ef47a4d9a5609e7b76879e,701,139.0
67ef47a4d9a5609e7b76879e,195,86.0
67ef47a4d9a5609e7b76879e,1786,306.0
67ef47a4d9a5609e7b76879e,665,26.0
67ef47a4d9a5609e7b76879e,2384,342.0
67ef47a4d9a5609e7b76879e,867,438.0
67ef47a4d9a5609e7b76879e,1819,185.0
67ef47a4d9a5609e7b76879e,481,306.0
67ef47a4d9a5609e7b76879e,1451,179.0
67ef47a4d9a5609e7b76879e,1334,13.0
67ef47a4d9a5609e7b76879e,910,147.0
67ef47a4d9a5609e7b76879e,397,188.0
6772eff8b0671819e86ea033,2275,145.0
6772eff8b0671819e86ea033,2580,190.0
6772eff8b0671819e86ea033,2400,130.0
6772eff8b0671819e86ea033,1071,142.0
6772eff8b0671819e86ea033,2249,186.0
6772eff8b0671819e86ea033,1510,187.0
6772eff8b0671819e86ea033,587,176.0
6772eff8b0671819e86ea033,2300,130.0
6772eff8b0671819e86ea033,2429,180.0
6772eff8b0671819e86ea033,2478,195.0
6772eff8b0671819e86ea033,206,188.0
6772eff8b0671819e86ea033,1239,122.0
6772eff8b0671819e86ea033,2535,181.0
6772eff8b0671819e86ea033,2372,181.0
6772eff8b0671819e86ea033,1136,202.0
6772eff8b0671819e86ea033,2866,197.0
6772eff8b0671819e86ea033,2069,177.0
6772eff8b0671819e86ea033,1488,181.0
6772eff8b0671819e86ea033,2340,233.0
6772eff8b0671819e86ea033,1395,186.0
60e36e6ecb9f00e7b4dab92e,749,119.0
60e36e6ecb9f00e7b4dab92e,1996,135.0
60e36e6ecb9f00e7b4dab92e,562,89.0
60e36e6ecb9f00e7b4dab92e,2595,117.0
60e36e6ecb9f00e7b4dab92e,281,105.0
60e36e6ecb9f00e7b4dab92e,2453,182.0
60e36e6ecb9f00e7b4dab92e,1395,93.0
60e36e6ecb9f00e7b4dab92e,2194,101.0
60e36e6ecb9f00e7b4dab92e,2726,135.0
60e36e6ecb9f00e7b4dab92e,826,188.0
60e36e6ecb9f00e7b4dab92e,1490,135.0
60e36e6ecb9f00e7b4dab92e,440,209.0
60e36e6ecb9f00e7b4dab92e,219,114.0
60e36e6ecb9f00e7b4dab92e,2669,100.0
60e36e6ecb9f00e7b4dab92e,896,110.0
60e36e6ecb9f00e7b4dab92e,2733,132.0
60e36e6ecb9f00e7b4dab92e,1074,190.0
60e36e6ecb9f00e7b4dab92e,1849,212.0
60e36e6ecb9f00e7b4dab92e,561,117.0
60e36e6ecb9f00e7b4dab92e,121,130.0
67896face1c2b598c95a41ca,1206,128.0
67896face1c2b598c95a41ca,1659,142.0
67896face1c2b598c95a41ca,2642,114.0
67896face1c2b598c95a41ca,1978,355.0
67896face1c2b598c95a41ca,1292,128.0
67896face1c2b598c95a41ca,1364,99.0
67896face1c2b598c95a41ca,46,147.0
67896face1c2b598c95a41ca,2533,118.0
67896face1c2b598c95a41ca,397,189.0
67896face1c2b598c95a41ca,347,180.0
67896face1c2b598c95a41ca,303,126.0
67896face1c2b598c95a41ca,2186,306.0
67896face1c2b598c95a41ca,541,131.0
67896face1c2b598c95a41ca,676,128.0
67896face1c2b598c95a41ca,2054,116.0
67896face1c2b598c95a41ca,181,368.0
67896face1c2b598c95a41ca,1996,216.0
67896face1c2b598c95a41ca,2301,264.0
67896face1c2b598c95a41ca,1239,302.0
67896face1c2b598c95a41ca,910,393.0
6760d5a1a688825bb6d46edb,2604,109.0
6760d5a1a688825bb6d46edb,714,121.0
6760d5a1a688825bb6d46edb,29,147.0
6760d5a1a688825bb6d46edb,1579,304.0
6760d5a1a688825bb6d46edb,976,140.0
6760d5a1a688825bb6d46edb,2788,122.0
6760d5a1a688825bb6d46edb,2135,182.0
6760d5a1a688825bb6d46edb,209,223.0
6760d5a1a688825bb6d46edb,2019,192.0
6760d5a1a688825bb6d46edb,2441,356.0
6760d5a1a688825bb6d46edb,2021,171.0
6760d5a1a688825bb6d46edb,830,178.0
6760d5a1a688825bb6d46edb,1936,131.0
6760d5a1a688825bb6d46edb,784,186.0
6760d5a1a688825bb6d46edb,1160,229.0
6760d5a1a688825bb6d46edb,88,180.0
6760d5a1a688825bb6d46edb,481,182.0
6760d5a1a688825bb6d46edb,11,201.0
6760d5a1a688825bb6d46edb,394,188.0
6760d5a1a688825bb6d46edb,2166,240.0
67dc37eb7ed1f8fa4ba2abfa,1353,192.0
67dc37eb7ed1f8fa4ba2abfa,1995,303.0
67dc37eb7ed1f8fa4ba2abfa,1771,133.0
67dc37eb7ed1f8fa4ba2abfa,1653,235.0
67dc37eb7ed1f8fa4ba2abfa,997,453.0
67dc37eb7ed1f8fa4ba2abfa,1594,189.0
67dc37eb7ed1f8fa4ba2abfa,2021,272.0
67dc37eb7ed1f8fa4ba2abfa,2847,300.0
67dc37eb7ed1f8fa4ba2abfa,1195,119.0
67dc37eb7ed1f8fa4ba2abfa,590,154.0
67dc37eb7ed1f8fa4ba2abfa,611,270.0
67dc37eb7ed1f8fa4ba2abfa,1044,155.0
67dc37eb7ed1f8fa4ba2abfa,55,234.0
67dc37eb7ed1f8fa4ba2abfa,383,386.0
67dc37eb7ed1f8fa4ba2abfa,2604,262.0
67dc37eb7ed1f8fa4ba2abfa,966,328.0
67dc37eb7ed1f8fa4ba2abfa,196,290.0
67dc37eb7ed1f8fa4ba2abfa,548,266.0
67dc37eb7ed1f8fa4ba2abfa,1878,600.0
67dc37eb7ed1f8fa4ba2abfa,221,102.0
67f13b199c0da8dc252d0b21,2852,384.0
67f13b199c0da8dc252d0b21,1027,396.0
67f13b199c0da8dc252d0b21,1662,479.0
67f13b199c0da8dc252d0b21,1071,352.0
67f13b199c0da8dc252d0b21,2194,402.0
67f13b199c0da8dc252d0b21,547,326.0
67f13b199c0da8dc252d0b21,1518,328.0
67f13b199c0da8dc252d0b21,2681,370.0
67f13b199c0da8dc252d0b21,2591,287.0
67f13b199c0da8dc252d0b21,2277,201.0
67f13b199c0da8dc252d0b21,2535,276.0
67f13b199c0da8dc252d0b21,2097,308.0
67f13b199c0da8dc252d0b21,714,281.0
67f13b199c0da8dc252d0b21,433,311.0
67f13b199c0da8dc252d0b21,2533,285.0
67f13b199c0da8dc252d0b21,1069,276.0
67f13b199c0da8dc252d0b21,2407,393.0
67f13b199c0da8dc252d0b21,1166,388.0
67f13b199c0da8dc252d0b21,82,351.0
67f13b199c0da8dc252d0b21,2604,257.0
6750c1f9beef487bf5b58069,614,120.0
6750c1f9beef487bf5b58069,2287,190.0
6750c1f9beef487bf5b58069,826,278.0
6750c1f9beef487bf5b58069,1222,136.0
6750c1f9beef487bf5b58069,2852,195.0
6750c1f9beef487bf5b58069,48,330.0
6750c1f9beef487bf5b58069,1088,255.0
6750c1f9beef487bf5b58069,1926,115.0
6750c1f9beef487bf5b58069,1525,289.0
6750c1f9beef487bf5b58069,1962,190.0
6750c1f9beef487bf5b58069,2388,409.0
6750c1f9beef487bf5b58069,2832,294.0
6750c1f9beef487bf5b58069,1363,145.0
6750c1f9beef487bf5b58069,1989,181.0
6750c1f9beef487bf5b58069,269,145.0
6750c1f9beef487bf5b58069,511,264.0
6750c1f9beef487bf5b58069,465,265.0
6750c1f9beef487bf5b58069,1358,236.0
6750c1f9beef487bf5b58069,1150,172.0
6750c1f9beef487bf5b58069,1381,199.0
67d8766b5a2500a0b13597d9,2734,755.0
67d8766b5a2500a0b13597d9,2928,290.0
67d8766b5a2500a0b13597d9,1449,693.0
67d8766b5a2500a0b13597d9,51,309.0
67d8766b5a2500a0b13597d9,433,370.0
67d8766b5a2500a0b13597d9,2890,678.0
67d8766b5a2500a0b13597d9,536,411.0
67d8766b5a2500a0b13597d9,256,449.0
67d8766b5a2500a0b13597d9,1978,452.0
67d8766b5a2500a0b13597d9,2226,658.0
67d8766b5a2500a0b13597d9,1217,616.0
67d8766b5a2500a0b13597d9,2641,241.0
67d8766b5a2500a0b13597d9,1144,396.0
67d8766b5a2500a0b13597d9,976,160.0
67d8766b5a2500a0b13597d9,1576,205.0
67d8766b5a2500a0b13597d9,1172,363.0
67d8766b5a2500a0b13597d9,817,755.0
67d8766b5a2500a0b13597d9,1498,453.0
67d8766b5a2500a0b13597d9,1571,406.0
67d8766b5a2500a0b13597d9,1211,588.0
662e78f04fac8f09690ef409,912,127.0
662e78f04fac8f09690ef409,394,150.0
662e78f04fac8f09690ef409,1356,113.0
662e78f04fac8f09690ef409,1180,143.0
662e78f04fac8f09690ef409,2768,166.0
662e78f04fac8f09690ef409,2021,222.0
662e78f04fac8f09690ef409,368,205.0
662e78f04fac8f09690ef409,547,209.0
662e78f04fac8f09690ef409,2572,150.0
662e78f04fac8f09690ef409,1302,214.0
662e78f04fac8f09690ef409,1235,135.0
662e78f04fac8f09690ef409,1590,312.0
662e78f04fac8f09690ef409,1565,225.0
662e78f04fac8f09690ef409,111,210.0
662e78f04fac8f09690ef409,2452,215.0
662e78f04fac8f09690ef409,2706,190.0
662e78f04fac8f09690ef409,1907,132.0
662e78f04fac8f09690ef409,1608,171.0
662e78f04fac8f09690ef409,1920,149.0
662e78f04fac8f09690ef409,2473,205.0
655f8bf6de805f7bd81e5811,2797,240.0
655f8bf6de805f7bd81e5811,1508,140.0
655f8bf6de805f7bd81e5811,997,220.0
655f8bf6de805f7bd81e5811,307,130.0
655f8bf6de805f7bd81e5811,1518,182.0
655f8bf6de805f7bd81e5811,1590,212.0
655f8bf6de805f7bd81e5811,1883,150.0
655f8bf6de805f7bd81e5811,1926,129.0
655f8bf6de805f7bd81e5811,2615,122.0
655f8bf6de805f7bd81e5811,2614,130.0
655f8bf6de805f7bd81e5811,559,180.0
655f8bf6de805f7bd81e5811,1039,251.0
655f8bf6de805f7bd81e5811,59,239.0
655f8bf6de805f7bd81e5811,2332,193.0
655f8bf6de805f7bd81e5811,2594,255.0
655f8bf6de805f7bd81e5811,633,229.0
655f8bf6de805f7bd81e5811,1656,300.0
655f8bf6de805f7bd81e5811,1420,267.0
655f8bf6de805f7bd81e5811,1234,267.0
655f8bf6de805f7bd81e5811,958,274.0
67ebb067dca1f7cf408ca0bd,2850,61.0
67ebb067dca1f7cf408ca0bd,195,100.0
67ebb067dca1f7cf408ca0bd,1364,101.0
67ebb067dca1f7cf408ca0bd,2583,70.0
67ebb067dca1f7cf408ca0bd,826,400.0
67ebb067dca1f7cf408ca0bd,1653,125.0
67ebb067dca1f7cf408ca0bd,2797,149.0
67ebb067dca1f7cf408ca0bd,1604,138.0
67ebb067dca1f7cf408ca0bd,2614,85.0
67ebb067dca1f7cf408ca0bd,2288,197.0
67ebb067dca1f7cf408ca0bd,103,88.0
67ebb067dca1f7cf408ca0bd,1855,124.0
67ebb067dca1f7cf408ca0bd,791,108.0
67ebb067dca1f7cf408ca0bd,1385,112.0
67ebb067dca1f7cf408ca0bd,152,72.0
67ebb067dca1f7cf408ca0bd,2291,191.0
67ebb067dca1f7cf408ca0bd,1345,125.0
67ebb067dca1f7cf408ca0bd,636,82.0
67ebb067dca1f7cf408ca0bd,914,51.0
67ebb067dca1f7cf408ca0bd,798,31.0
678c1488ff0634be2e0730c6,2197,120.0
678c1488ff0634be2e0730c6,2852,138.0
678c1488ff0634be2e0730c6,493,441.0
678c1488ff0634be2e0730c6,1947,202.0
678c1488ff0634be2e0730c6,1696,564.0
678c1488ff0634be2e0730c6,1431,595.0
678c1488ff0634be2e0730c6,1967,189.0
678c1488ff0634be2e0730c6,1838,539.0
678c1488ff0634be2e0730c6,645,177.0
678c1488ff0634be2e0730c6,1144,602.0
678c1488ff0634be2e0730c6,1540,106.0
678c1488ff0634be2e0730c6,726,204.0
678c1488ff0634be2e0730c6,200,207.0
678c1488ff0634be2e0730c6,784,137.0
678c1488ff0634be2e0730c6,2685,186.0
678c1488ff0634be2e0730c6,2332,645.0
678c1488ff0634be2e0730c6,980,193.0
678c1488ff0634be2e0730c6,1242,171.0
678c1488ff0634be2e0730c6,2484,212.0
678c1488ff0634be2e0730c6,1295,187.0
657b553a2bec4afa38623d4c,1646,230.0
657b553a2bec4afa38623d4c,300,202.0
657b553a2bec4afa38623d4c,976,344.0
657b553a2bec4afa38623d4c,51,206.0
657b553a2bec4afa38623d4c,2021,122.0
657b553a2bec4afa38623d4c,1608,161.0
657b553a2bec4afa38623d4c,2543,130.0
657b553a2bec4afa38623d4c,2702,183.0
657b553a2bec4afa38623d4c,665,124.0
657b553a2bec4afa38623d4c,2869,239.0
657b553a2bec4afa38623d4c,2344,278.0
657b553a2bec4afa38623d4c,83,116.0
657b553a2bec4afa38623d4c,2369,230.0
657b553a2bec4afa38623d4c,1978,341.0
657b553a2bec4afa38623d4c,1416,175.0
657b553a2bec4afa38623d4c,1308,88.0
657b553a2bec4afa38623d4c,99,365.0
657b553a2bec4afa38623d4c,2712,171.0
657b553a2bec4afa38623d4c,2323,238.0
657b553a2bec4afa38623d4c,76,304.0
67d6f09aed89975f798f207a,76,120.0
67d6f09aed89975f798f207a,1382,140.0
67d6f09aed89975f798f207a,544,309.0
67d6f09aed89975f798f207a,726,332.0
67d6f09aed89975f798f207a,1542,163.0
67d6f09aed89975f798f207a,1226,187.0
67d6f09aed89975f798f207a,1906,195.0
67d6f09aed89975f798f207a,1939,196.0
67d6f09aed89975f798f207a,2019,95.0
67d6f09aed89975f798f207a,2267,170.0
67d6f09aed89975f798f207a,2183,92.0
67d6f09aed89975f798f207a,624,205.0
67d6f09aed89975f798f207a,222,139.0
67d6f09aed89975f798f207a,5,245.0
67d6f09aed89975f798f207a,2605,226.0
67d6f09aed89975f798f207a,1186,285.0
67d6f09aed89975f798f207a,2074,391.0
67d6f09aed89975f798f207a,1409,454.0
67d6f09aed89975f798f207a,2919,247.0
67d6f09aed89975f798f207a,204,274.0
6713c3cbb7017fabce8708c3,617,120.0
6713c3cbb7017fabce8708c3,2011,115.0
6713c3cbb7017fabce8708c3,2434,205.0
6713c3cbb7017fabce8708c3,655,135.0
6713c3cbb7017fabce8708c3,2448,171.0
6713c3cbb7017fabce8708c3,2323,213.0
6713c3cbb7017fabce8708c3,2869,160.0
6713c3cbb7017fabce8708c3,2508,230.0
6713c3cbb7017fabce8708c3,2027,135.0
6713c3cbb7017fabce8708c3,682,115.0
6713c3cbb7017fabce8708c3,82,170.0
6713c3cbb7017fabce8708c3,1834,186.0
6713c3cbb7017fabce8708c3,1925,137.0
6713c3cbb7017fabce8708c3,1826,110.0
6713c3cbb7017fabce8708c3,488,171.0
6713c3cbb7017fabce8708c3,1400,210.0
6713c3cbb7017fabce8708c3,750,145.0
6713c3cbb7017fabce8708c3,2288,155.0
6713c3cbb7017fabce8708c3,2556,100.0
6713c3cbb7017fabce8708c3,2388,195.0
67eee645e13ffb77c677d680,1565,231.0
67eee645e13ffb77c677d680,1382,182.0
67eee645e13ffb77c677d680,1144,303.0
67eee645e13ffb77c677d680,383,325.0
67eee645e13ffb77c677d680,41,300.0
67eee645e13ffb77c677d680,1957,184.0
67eee645e13ffb77c677d680,1150,232.0
67eee645e13ffb77c677d680,1180,130.0
67eee645e13ffb77c677d680,1653,281.0
67eee645e13ffb77c677d680,1679,355.0
67eee645e13ffb77c677d680,2308,270.0
67eee645e13ffb77c677d680,2508,311.0
67eee645e13ffb77c677d680,731,330.0
67eee645e13ffb77c677d680,2136,359.0
67eee645e13ffb77c677d680,429,381.0
67eee645e13ffb77c677d680,2535,200.0
67eee645e13ffb77c677d680,2595,220.0
67eee645e13ffb77c677d680,352,210.0
67eee645e13ffb77c677d680,293,400.0
67eee645e13ffb77c677d680,1837,240.0
5cfb459229a6c2001764e10d,1090,223.0
5cfb459229a6c2001764e10d,2090,234.0
5cfb459229a6c2001764e10d,73,243.0
5cfb459229a6c2001764e10d,926,187.0
5cfb459229a6c2001764e10d,2552,110.0
5cfb459229a6c2001764e10d,2734,161.0
5cfb459229a6c2001764e10d,550,230.0
5cfb459229a6c2001764e10d,599,175.0
5cfb459229a6c2001764e10d,2132,199.0
5cfb459229a6c2001764e10d,1534,142.0
5cfb459229a6c2001764e10d,1521,110.0
5cfb459229a6c2001764e10d,1576,220.0
5cfb459229a6c2001764e10d,2350,179.0
5cfb459229a6c2001764e10d,1490,96.0
5cfb459229a6c2001764e10d,1679,100.0
5cfb459229a6c2001764e10d,1709,243.0
5cfb459229a6c2001764e10d,589,121.0
5cfb459229a6c2001764e10d,1697,220.0
5cfb459229a6c2001764e10d,482,190.0
5cfb459229a6c2001764e10d,631,103.0
67a76eb087424ccf6786e5fd,966,151.0
67a76eb087424ccf6786e5fd,1662,218.0
67a76eb087424ccf6786e5fd,2434,315.0
67a76eb087424ccf6786e5fd,2669,113.0
67a76eb087424ccf6786e5fd,11,184.0
67a76eb087424ccf6786e5fd,750,114.0
67a76eb087424ccf6786e5fd,1936,174.0
67a76eb087424ccf6786e5fd,762,104.0
67a76eb087424ccf6786e5fd,2291,205.0
67a76eb087424ccf6786e5fd,1295,110.0
67a76eb087424ccf6786e5fd,2723,128.0
67a76eb087424ccf6786e5fd,261,179.0
67a76eb087424ccf6786e5fd,2183,247.0
67a76eb087424ccf6786e5fd,365,306.0
67a76eb087424ccf6786e5fd,336,120.0
67a76eb087424ccf6786e5fd,1958,105.0
67a76eb087424ccf6786e5fd,2628,187.0
67a76eb087424ccf6786e5fd,651,141.0
67a76eb087424ccf6786e5fd,1331,111.0
67a76eb087424ccf6786e5fd,2407,229.0
67ad8db455c99b14bcca9a26,1247,238.0
67ad8db455c99b14bcca9a26,443,176.0
67ad8db455c99b14bcca9a26,11,198.0
67ad8db455c99b14bcca9a26,395,109.0
67ad8db455c99b14bcca9a26,1830,307.0
67ad8db455c99b14bcca9a26,1721,317.0
67ad8db455c99b14bcca9a26,352,351.0
67ad8db455c99b14bcca9a26,2533,150.0
67ad8db455c99b14bcca9a26,111,398.0
67ad8db455c99b14bcca9a26,1457,237.0
67ad8db455c99b14bcca9a26,48,215.0
67ad8db455c99b14bcca9a26,817,296.0
67ad8db455c99b14bcca9a26,1959,291.0
67ad8db455c99b14bcca9a26,2044,233.0
67ad8db455c99b14bcca9a26,2039,295.0
67ad8db455c99b14bcca9a26,2919,350.0
67ad8db455c99b14bcca9a26,2298,345.0
67ad8db455c99b14bcca9a26,404,300.0
67ad8db455c99b14bcca9a26,1219,116.0
67ad8db455c99b14bcca9a26,2518,351.0
67f061e0ab3225374d3d2944,1197,229.0
67f061e0ab3225374d3d2944,2166,225.0
67f061e0ab3225374d3d2944,2426,145.0
67f061e0ab3225374d3d2944,1760,228.0
67f061e0ab3225374d3d2944,1216,190.0
67f061e0ab3225374d3d2944,708,112.0
67f061e0ab3225374d3d2944,1222,200.0
67f061e0ab3225374d3d2944,162,156.0
67f061e0ab3225374d3d2944,2111,191.0
67f061e0ab3225374d3d2944,2535,278.0
67f061e0ab3225374d3d2944,1709,266.0
67f061e0ab3225374d3d2944,66,269.0
67f061e0ab3225374d3d2944,2808,253.0
67f061e0ab3225374d3d2944,922,191.0
67f061e0ab3225374d3d2944,2242,92.0
67f061e0ab3225374d3d2944,773,160.0
67f061e0ab3225374d3d2944,548,191.0
67f061e0ab3225374d3d2944,1145,197.0
67f061e0ab3225374d3d2944,303,125.0
67f061e0ab3225374d3d2944,1232,128.0
67eea8335d8dc4ba1fd3379a,225,120.0
67eea8335d8dc4ba1fd3379a,1767,330.0
67eea8335d8dc4ba1fd3379a,1404,70.0
67eea8335d8dc4ba1fd3379a,840,319.0
67eea8335d8dc4ba1fd3379a,112,350.0
67eea8335d8dc4ba1fd3379a,847,400.0
67eea8335d8dc4ba1fd3379a,2298,205.0
67eea8335d8dc4ba1fd3379a,2287,204.0
67eea8335d8dc4ba1fd3379a,1238,149.0
67eea8335d8dc4ba1fd3379a,1564,291.0
67eea8335d8dc4ba1fd3379a,2036,132.0
67eea8335d8dc4ba1fd3379a,1938,148.0
67eea8335d8dc4ba1fd3379a,2214,33.0
67eea8335d8dc4ba1fd3379a,138,96.0
67eea8335d8dc4ba1fd3379a,1588,401.0
67eea8335d8dc4ba1fd3379a,797,160.0
67eea8335d8dc4ba1fd3379a,1343,126.0
67eea8335d8dc4ba1fd3379a,1366,90.0
67eea8335d8dc4ba1fd3379a,1565,334.0
67eea8335d8dc4ba1fd3379a,772,160.0
67e150100ae8ba8dcc163d06,1127,235.0
67e150100ae8ba8dcc163d06,791,136.0
67e150100ae8ba8dcc163d06,1288,121.0
67e150100ae8ba8dcc163d06,2689,125.0
67e150100ae8ba8dcc163d06,1957,120.0
67e150100ae8ba8dcc163d06,2515,150.0
67e150100ae8ba8dcc163d06,1853,215.0
67e150100ae8ba8dcc163d06,1099,205.0
67e150100ae8ba8dcc163d06,2518,160.0
67e150100ae8ba8dcc163d06,1838,160.0
67e150100ae8ba8dcc163d06,601,130.0
67e150100ae8ba8dcc163d06,560,125.0
67e150100ae8ba8dcc163d06,1684,130.0
67e150100ae8ba8dcc163d06,1945,160.0
67e150100ae8ba8dcc163d06,1993,150.0
67e150100ae8ba8dcc163d06,1484,140.0
67e150100ae8ba8dcc163d06,1195,136.0
67e150100ae8ba8dcc163d06,2157,130.0
67e150100ae8ba8dcc163d06,2094,210.0
67e150100ae8ba8dcc163d06,617,160.0
675fbd3a66d04069a7d39f33,2892,238.0
675fbd3a66d04069a7d39f33,2369,72.0
675fbd3a66d04069a7d39f33,293,77.0
675fbd3a66d04069a7d39f33,1420,311.0
675fbd3a66d04069a7d39f33,18,587.0
675fbd3a66d04069a7d39f33,1865,161.0
675fbd3a66d04069a7d39f33,1292,93.0
675fbd3a66d04069a7d39f33,193,63.0
675fbd3a66d04069a7d39f33,1518,115.0
675fbd3a66d04069a7d39f33,2152,271.0
675fbd3a66d04069a7d39f33,1271,110.0
675fbd3a66d04069a7d39f33,2786,123.0
675fbd3a66d04069a7d39f33,590,215.0
675fbd3a66d04069a7d39f33,2119,13.0
675fbd3a66d04069a7d39f33,2429,490.0
675fbd3a66d04069a7d39f33,365,241.0
675fbd3a66d04069a7d39f33,2583,148.0
675fbd3a66d04069a7d39f33,2565,78.0
675fbd3a66d04069a7d39f33,665,34.0
675fbd3a66d04069a7d39f33,331,82.0
6669f4d73f6ea3be1d2b7eae,2370,202.0
6669f4d73f6ea3be1d2b7eae,2461,218.0
6669f4d73f6ea3be1d2b7eae,18,175.0
6669f4d73f6ea3be1d2b7eae,738,198.0
6669f4d73f6ea3be1d2b7eae,222,173.0
6669f4d73f6ea3be1d2b7eae,1922,169.0
6669f4d73f6ea3be1d2b7eae,701,206.0
6669f4d73f6ea3be1d2b7eae,2681,212.0
6669f4d73f6ea3be1d2b7eae,840,195.0
6669f4d73f6ea3be1d2b7eae,535,198.0
6669f4d73f6ea3be1d2b7eae,2396,234.0
6669f4d73f6ea3be1d2b7eae,778,213.0
6669f4d73f6ea3be1d2b7eae,2044,217.0
6669f4d73f6ea3be1d2b7eae,5,214.0
6669f4d73f6ea3be1d2b7eae,2136,201.0
6669f4d73f6ea3be1d2b7eae,1335,217.0
6669f4d73f6ea3be1d2b7eae,426,275.0
6669f4d73f6ea3be1d2b7eae,108,163.0
6669f4d73f6ea3be1d2b7eae,1909,177.0
6669f4d73f6ea3be1d2b7eae,1556,255.0
66af0a3b98f288aed255b068,1302,119.0
66af0a3b98f288aed255b068,1331,252.0
66af0a3b98f288aed255b068,578,299.0
66af0a3b98f288aed255b068,368,336.0
66af0a3b98f288aed255b068,2135,185.0
66af0a3b98f288aed255b068,2102,291.0
66af0a3b98f288aed255b068,614,222.0
66af0a3b98f288aed255b068,2127,185.0
66af0a3b98f288aed255b068,511,327.0
66af0a3b98f288aed255b068,1146,271.0
66af0a3b98f288aed255b068,138,206.0
66af0a3b98f288aed255b068,2803,234.0
66af0a3b98f288aed255b068,415,269.0
66af0a3b98f288aed255b068,1656,265.0
66af0a3b98f288aed255b068,2357,250.0
66af0a3b98f288aed255b068,1849,322.0
66af0a3b98f288aed255b068,1398,209.0
66af0a3b98f288aed255b068,1001,214.0
66af0a3b98f288aed255b068,383,322.0
66af0a3b98f288aed255b068,2464,341.0
67ea9b3cf4ac355d9f1557d0,2602,232.0
67ea9b3cf4ac355d9f1557d0,2523,153.0
67ea9b3cf4ac355d9f1557d0,1163,187.0
67ea9b3cf4ac355d9f1557d0,797,239.0
67ea9b3cf4ac355d9f1557d0,1010,200.0
67ea9b3cf4ac355d9f1557d0,2642,286.0
67ea9b3cf4ac355d9f1557d0,1901,158.0
67ea9b3cf4ac355d9f1557d0,478,132.0
67ea9b3cf4ac355d9f1557d0,298,232.0
67ea9b3cf4ac355d9f1557d0,593,223.0
67ea9b3cf4ac355d9f1557d0,1292,186.0
67ea9b3cf4ac355d9f1557d0,1789,179.0
67ea9b3cf4ac355d9f1557d0,2381,203.0
67ea9b3cf4ac355d9f1557d0,189,230.0
67ea9b3cf4ac355d9f1557d0,1855,181.0
67ea9b3cf4ac355d9f1557d0,2080,183.0
67ea9b3cf4ac355d9f1557d0,1959,188.0
67ea9b3cf4ac355d9f1557d0,491,182.0
67ea9b3cf4ac355d9f1557d0,1382,248.0
67ea9b3cf4ac355d9f1557d0,2594,183.0
673684e909fcd6f0ce846262,1337,135.0
673684e909fcd6f0ce846262,368,231.0
673684e909fcd6f0ce846262,1649,198.0
673684e909fcd6f0ce846262,365,169.0
673684e909fcd6f0ce846262,708,120.0
673684e909fcd6f0ce846262,1308,144.0
673684e909fcd6f0ce846262,482,177.0
673684e909fcd6f0ce846262,912,212.0
673684e909fcd6f0ce846262,2919,135.0
673684e909fcd6f0ce846262,714,124.0
673684e909fcd6f0ce846262,76,166.0
673684e909fcd6f0ce846262,1726,134.0
673684e909fcd6f0ce846262,1967,182.0
673684e909fcd6f0ce846262,774,142.0
673684e909fcd6f0ce846262,1540,223.0
673684e909fcd6f0ce846262,1292,126.0
673684e909fcd6f0ce846262,511,243.0
673684e909fcd6f0ce846262,587,171.0
673684e909fcd6f0ce846262,1656,185.0
673684e909fcd6f0ce846262,1495,151.0
664d0465ca83ef2c9cd9fb9e,2039,130.0
664d0465ca83ef2c9cd9fb9e,2719,271.0
664d0465ca83ef2c9cd9fb9e,774,239.0
664d0465ca83ef2c9cd9fb9e,1659,203.0
664d0465ca83ef2c9cd9fb9e,2122,198.0
664d0465ca83ef2c9cd9fb9e,1491,190.0
664d0465ca83ef2c9cd9fb9e,1358,134.0
664d0465ca83ef2c9cd9fb9e,217,150.0
664d0465ca83ef2c9cd9fb9e,797,172.0
664d0465ca83ef2c9cd9fb9e,1954,90.0
664d0465ca83ef2c9cd9fb9e,166,130.0
664d0465ca83ef2c9cd9fb9e,302,104.0
664d0465ca83ef2c9cd9fb9e,1451,160.0
664d0465ca83ef2c9cd9fb9e,2157,137.0
664d0465ca83ef2c9cd9fb9e,404,160.0
664d0465ca83ef2c9cd9fb9e,2170,122.0
664d0465ca83ef2c9cd9fb9e,255,122.0
664d0465ca83ef2c9cd9fb9e,182,120.0
664d0465ca83ef2c9cd9fb9e,2825,408.0
664d0465ca83ef2c9cd9fb9e,1565,361.0
5930c7fdfa699e0001017cc1,1978,192.0
5930c7fdfa699e0001017cc1,2717,210.0
5930c7fdfa699e0001017cc1,283,140.0
5930c7fdfa699e0001017cc1,138,216.0
5930c7fdfa699e0001017cc1,220,177.0
5930c7fdfa699e0001017cc1,1697,286.0
5930c7fdfa699e0001017cc1,1622,202.0
5930c7fdfa699e0001017cc1,1209,227.0
5930c7fdfa699e0001017cc1,2615,192.0
5930c7fdfa699e0001017cc1,2384,295.0
5930c7fdfa699e0001017cc1,1150,170.0
5930c7fdfa699e0001017cc1,2498,193.0
5930c7fdfa699e0001017cc1,817,310.0
5930c7fdfa699e0001017cc1,1343,106.0
5930c7fdfa699e0001017cc1,778,222.0
5930c7fdfa699e0001017cc1,204,183.0
5930c7fdfa699e0001017cc1,2669,176.0
5930c7fdfa699e0001017cc1,1178,196.0
5930c7fdfa699e0001017cc1,1157,218.0
5930c7fdfa699e0001017cc1,631,175.0
5a9262251eda410001360b2c,2287,98.0
5a9262251eda410001360b2c,2536,114.0
5a9262251eda410001360b2c,1939,107.0
5a9262251eda410001360b2c,500,321.0
5a9262251eda410001360b2c,1942,93.0
5a9262251eda410001360b2c,762,90.0
5a9262251eda410001360b2c,774,121.0
5a9262251eda410001360b2c,1218,140.0
5a9262251eda410001360b2c,2100,232.0
5a9262251eda410001360b2c,2823,286.0
5a9262251eda410001360b2c,935,302.0
5a9262251eda410001360b2c,2890,210.0
5a9262251eda410001360b2c,1239,154.0
5a9262251eda410001360b2c,206,144.0
5a9262251eda410001360b2c,2478,211.0
5a9262251eda410001360b2c,394,137.0
5a9262251eda410001360b2c,228,174.0
5a9262251eda410001360b2c,1395,84.0
5a9262251eda410001360b2c,1356,70.0
5a9262251eda410001360b2c,1832,160.0
67ddb2b3632a36367168984e,2685,182.0
67ddb2b3632a36367168984e,651,137.0
67ddb2b3632a36367168984e,877,199.0
67ddb2b3632a36367168984e,2288,128.0
67ddb2b3632a36367168984e,1495,148.0
67ddb2b3632a36367168984e,2257,755.0
67ddb2b3632a36367168984e,2214,125.0
67ddb2b3632a36367168984e,2594,128.0
67ddb2b3632a36367168984e,1565,167.0
67ddb2b3632a36367168984e,1907,114.0
67ddb2b3632a36367168984e,544,144.0
67ddb2b3632a36367168984e,773,133.0
67ddb2b3632a36367168984e,4,132.0
67ddb2b3632a36367168984e,1632,148.0
67ddb2b3632a36367168984e,502,158.0
67ddb2b3632a36367168984e,2372,110.0
67ddb2b3632a36367168984e,2311,180.0
67ddb2b3632a36367168984e,1874,148.0
67ddb2b3632a36367168984e,2402,204.0
67ddb2b3632a36367168984e,1847,231.0
63977b3438a0ebce6131d30a,900,204.0
63977b3438a0ebce6131d30a,570,170.0
63977b3438a0ebce6131d30a,2071,140.0
63977b3438a0ebce6131d30a,2120,183.0
63977b3438a0ebce6131d30a,2872,205.0
63977b3438a0ebce6131d30a,2728,213.0
63977b3438a0ebce6131d30a,14,185.0
63977b3438a0ebce6131d30a,2568,130.0
63977b3438a0ebce6131d30a,684,124.0
63977b3438a0ebce6131d30a,2275,276.0
63977b3438a0ebce6131d30a,589,171.0
63977b3438a0ebce6131d30a,1206,106.0
63977b3438a0ebce6131d30a,791,111.0
63977b3438a0ebce6131d30a,583,233.0
63977b3438a0ebce6131d30a,292,167.0
63977b3438a0ebce6131d30a,1400,204.0
63977b3438a0ebce6131d30a,1743,151.0
63977b3438a0ebce6131d30a,1838,254.0
63977b3438a0ebce6131d30a,2199,224.0
63977b3438a0ebce6131d30a,1590,208.0
67e7e2535e2bf374651ee45d,2369,370.0
67e7e2535e2bf374651ee45d,1247,259.0
67e7e2535e2bf374651ee45d,2449,256.0
67e7e2535e2bf374651ee45d,2235,305.0
67e7e2535e2bf374651ee45d,536,262.0
67e7e2535e2bf374651ee45d,1923,446.0
67e7e2535e2bf374651ee45d,1957,277.0
67e7e2535e2bf374651ee45d,1356,341.0
67e7e2535e2bf374651ee45d,541,280.0
67e7e2535e2bf374651ee45d,1838,383.0
67e7e2535e2bf374651ee45d,2849,372.0
67e7e2535e2bf374651ee45d,1709,302.0
67e7e2535e2bf374651ee45d,907,304.0
67e7e2535e2bf374651ee45d,896,278.0
67e7e2535e2bf374651ee45d,481,268.0
67e7e2535e2bf374651ee45d,1865,286.0
67e7e2535e2bf374651ee45d,222,242.0
67e7e2535e2bf374651ee45d,1952,205.0
67e7e2535e2bf374651ee45d,2018,332.0
67e7e2535e2bf374651ee45d,1632,289.0
67d88c8ea406f869095b928c,11,195.0
67d88c8ea406f869095b928c,204,133.0
67d88c8ea406f869095b928c,331,95.0
67d88c8ea406f869095b928c,1498,285.0
67d88c8ea406f869095b928c,814,120.0
67d88c8ea406f869095b928c,2847,140.0
67d88c8ea406f869095b928c,1954,130.0
67d88c8ea406f869095b928c,2249,135.0
67d88c8ea406f869095b928c,758,145.0
67d88c8ea406f869095b928c,416,190.0
67d88c8ea406f869095b928c,1224,180.0
67d88c8ea406f869095b928c,1491,140.0
67d88c8ea406f869095b928c,714,160.0
67d88c8ea406f869095b928c,127,120.0
67d88c8ea406f869095b928c,1696,320.0
67d88c8ea406f869095b928c,2169,145.0
67d88c8ea406f869095b928c,1570,215.0
67d88c8ea406f869095b928c,2533,165.0
67d88c8ea406f869095b928c,2440,220.0
67d88c8ea406f869095b928c,73,230.0
67eb771c1a7c26231bdf6ee7,562,140.0
67eb771c1a7c26231bdf6ee7,714,171.0
67eb771c1a7c26231bdf6ee7,1978,150.0
67eb771c1a7c26231bdf6ee7,1250,131.0
67eb771c1a7c26231bdf6ee7,478,209.0
67eb771c1a7c26231bdf6ee7,1579,201.0
67eb771c1a7c26231bdf6ee7,181,140.0
67eb771c1a7c26231bdf6ee7,2797,202.0
67eb771c1a7c26231bdf6ee7,1395,110.0
67eb771c1a7c26231bdf6ee7,614,133.0
67eb771c1a7c26231bdf6ee7,2226,228.0
67eb771c1a7c26231bdf6ee7,2440,160.0
67eb771c1a7c26231bdf6ee7,631,191.0
67eb771c1a7c26231bdf6ee7,1766,187.0
67eb771c1a7c26231bdf6ee7,1593,214.0
67eb771c1a7c26231bdf6ee7,1235,209.0
67eb771c1a7c26231bdf6ee7,1556,220.0
67eb771c1a7c26231bdf6ee7,1118,192.0
67eb771c1a7c26231bdf6ee7,1186,213.0
67eb771c1a7c26231bdf6ee7,1585,219.0
67e442723cbc162990372932,1748,200.0
67e442723cbc162990372932,1467,215.0
67e442723cbc162990372932,655,120.0
67e442723cbc162990372932,1791,220.0
67e442723cbc162990372932,701,148.0
67e442723cbc162990372932,2852,140.0
67e442723cbc162990372932,2426,154.0
67e442723cbc162990372932,2311,191.0
67e442723cbc162990372932,1403,200.0
67e442723cbc162990372932,2122,192.0
67e442723cbc162990372932,415,187.0
67e442723cbc162990372932,302,198.0
67e442723cbc162990372932,231,133.0
67e442723cbc162990372932,1614,233.0
67e442723cbc162990372932,465,125.0
67e442723cbc162990372932,1071,242.0
67e442723cbc162990372932,2176,123.0
67e442723cbc162990372932,2277,223.0
67e442723cbc162990372932,2444,229.0
67e442723cbc162990372932,2535,243.0
6779b3f5da139c35d01721b1,847,337.0
6779b3f5da139c35d01721b1,288,111.0
6779b3f5da139c35d01721b1,2136,160.0
6779b3f5da139c35d01721b1,2556,129.0
6779b3f5da139c35d01721b1,397,258.0
6779b3f5da139c35d01721b1,1404,152.0
6779b3f5da139c35d01721b1,1504,188.0
6779b3f5da139c35d01721b1,440,562.0
6779b3f5da139c35d01721b1,2132,423.0
6779b3f5da139c35d01721b1,2340,504.0
6779b3f5da139c35d01721b1,83,99.0
6779b3f5da139c35d01721b1,7,390.0
6779b3f5da139c35d01721b1,2212,372.0
6779b3f5da139c35d01721b1,2453,261.0
6779b3f5da139c35d01721b1,1145,366.0
6779b3f5da139c35d01721b1,2334,600.0
6779b3f5da139c35d01721b1,536,649.0
6779b3f5da139c35d01721b1,2832,668.0
6779b3f5da139c35d01721b1,2054,206.0
6779b3f5da139c35d01721b1,2378,193.0
5dcdb60be64aaa07c14065cc,1883,126.0
5dcdb60be64aaa07c14065cc,1072,179.0
5dcdb60be64aaa07c14065cc,1490,140.0
5dcdb60be64aaa07c14065cc,1451,115.0
5dcdb60be64aaa07c14065cc,2728,210.0
5dcdb60be64aaa07c14065cc,2556,60.0
5dcdb60be64aaa07c14065cc,1488,138.0
5dcdb60be64aaa07c14065cc,1232,204.0
5dcdb60be64aaa07c14065cc,536,165.0
5dcdb60be64aaa07c14065cc,2090,269.0
5dcdb60be64aaa07c14065cc,2569,287.0
5dcdb60be64aaa07c14065cc,1709,420.0
5dcdb60be64aaa07c14065cc,797,179.0
5dcdb60be64aaa07c14065cc,2344,211.0
5dcdb60be64aaa07c14065cc,574,433.0
5dcdb60be64aaa07c14065cc,138,195.0
5dcdb60be64aaa07c14065cc,548,179.0
5dcdb60be64aaa07c14065cc,196,162.0
5dcdb60be64aaa07c14065cc,1306,173.0
5dcdb60be64aaa07c14065cc,1209,206.0
673cbbb6e625ce8a7e323089,809,123.0
673cbbb6e625ce8a7e323089,367,208.0
673cbbb6e625ce8a7e323089,2456,215.0
673cbbb6e625ce8a7e323089,2588,125.0
673cbbb6e625ce8a7e323089,1504,137.0
673cbbb6e625ce8a7e323089,1510,214.0
673cbbb6e625ce8a7e323089,2157,231.0
673cbbb6e625ce8a7e323089,1540,184.0
673cbbb6e625ce8a7e323089,633,219.0
673cbbb6e625ce8a7e323089,980,224.0
673cbbb6e625ce8a7e323089,2594,163.0
673cbbb6e625ce8a7e323089,1133,342.0
673cbbb6e625ce8a7e323089,2473,236.0
673cbbb6e625ce8a7e323089,2291,212.0
673cbbb6e625ce8a7e323089,703,190.0
673cbbb6e625ce8a7e323089,1219,214.0
673cbbb6e625ce8a7e323089,1072,304.0
673cbbb6e625ce8a7e323089,837,272.0
673cbbb6e625ce8a7e323089,559,240.0
673cbbb6e625ce8a7e323089,757,177.0
67574d2fa6c77a56709e95a8,522,240.0
67574d2fa6c77a56709e95a8,2277,250.0
67574d2fa6c77a56709e95a8,574,170.0
67574d2fa6c77a56709e95a8,2709,150.0
67574d2fa6c77a56709e95a8,944,95.0
67574d2fa6c77a56709e95a8,1857,200.0
67574d2fa6c77a56709e95a8,2888,211.0
67574d2fa6c77a56709e95a8,1847,175.0
67574d2fa6c77a56709e95a8,1498,240.0
67574d2fa6c77a56709e95a8,1649,202.0
67574d2fa6c77a56709e95a8,365,175.0
67574d2fa6c77a56709e95a8,2554,140.0
67574d2fa6c77a56709e95a8,2591,211.0
67574d2fa6c77a56709e95a8,300,153.0
67574d2fa6c77a56709e95a8,2035,160.0
67574d2fa6c77a56709e95a8,82,169.0
67574d2fa6c77a56709e95a8,2011,140.0
67574d2fa6c77a56709e95a8,1163,151.0
67574d2fa6c77a56709e95a8,2180,176.0
67574d2fa6c77a56709e95a8,138,192.0
67e85abca44b52f2e03fcbb1,2556,121.0
67e85abca44b52f2e03fcbb1,1288,140.0
67e85abca44b52f2e03fcbb1,1334,150.0
67e85abca44b52f2e03fcbb1,2669,151.0
67e85abca44b52f2e03fcbb1,817,252.0
67e85abca44b52f2e03fcbb1,2357,200.0
67e85abca44b52f2e03fcbb1,2790,211.0
67e85abca44b52f2e03fcbb1,1894,208.0
67e85abca44b52f2e03fcbb1,1235,161.0
67e85abca44b52f2e03fcbb1,867,241.0
67e85abca44b52f2e03fcbb1,1991,175.0
67e85abca44b52f2e03fcbb1,2197,164.0
67e85abca44b52f2e03fcbb1,574,188.0
67e85abca44b52f2e03fcbb1,1178,202.0
67e85abca44b52f2e03fcbb1,1400,204.0
67e85abca44b52f2e03fcbb1,1074,201.0
67e85abca44b52f2e03fcbb1,2639,175.0
67e85abca44b52f2e03fcbb1,2564,172.0
67e85abca44b52f2e03fcbb1,206,140.0
67e85abca44b52f2e03fcbb1,881,200.0
5c95493ddd325800166f838a,1571,180.0
5c95493ddd325800166f838a,365,183.0
5c95493ddd325800166f838a,2244,160.0
5c95493ddd325800166f838a,593,206.0
5c95493ddd325800166f838a,1588,485.0
5c95493ddd325800166f838a,112,416.0
5c95493ddd325800166f838a,1991,128.0
5c95493ddd325800166f838a,2647,107.0
5c95493ddd325800166f838a,2136,160.0
5c95493ddd325800166f838a,41,458.0
5c95493ddd325800166f838a,2591,180.0
5c95493ddd325800166f838a,903,113.0
5c95493ddd325800166f838a,1590,372.0
5c95493ddd325800166f838a,2790,246.0
5c95493ddd325800166f838a,2890,198.0
5c95493ddd325800166f838a,2090,407.0
5c95493ddd325800166f838a,2105,266.0
5c95493ddd325800166f838a,1808,192.0
5c95493ddd325800166f838a,1363,102.0
67472b406557adf9044c6e34,1606,158.0
67472b406557adf9044c6e34,232,121.0
67472b406557adf9044c6e34,907,132.0
67472b406557adf9044c6e34,1219,153.0
67472b406557adf9044c6e34,1795,472.0
67472b406557adf9044c6e34,2623,168.0
67472b406557adf9044c6e34,2513,527.0
67472b406557adf9044c6e34,2728,128.0
67472b406557adf9044c6e34,1720,648.0
67472b406557adf9044c6e34,1218,120.0
67472b406557adf9044c6e34,2915,258.0
67472b406557adf9044c6e34,1416,182.0
67472b406557adf9044c6e34,2071,200.0
67472b406557adf9044c6e34,1266,438.0
67472b406557adf9044c6e34,1150,466.0
67472b406557adf9044c6e34,83,213.0
67472b406557adf9044c6e34,614,106.0
67472b406557adf9044c6e34,2484,230.0
67472b406557adf9044c6e34,2037,226.0
67472b406557adf9044c6e34,51,523.0
